minx,miny,maxx,maxy,eucliddist,dlist,tanangle,tottime,vmean,vstd,vquarts_0,vquarts_1,vquarts_2,amean,astd,aquarts_0,aquarts_1,aquarts_2,pmean,pstd,pquarts_0,pquarts_1,pquarts_2,areamean,areastd,areaquarts_0,areaquarts_1,areaquarts_2,swipetype
198.43539428710938,401.30413818359375,198.43539428710938,401.30413818359375,0.0,"[0.0, 0.0, 0.0, 0.0, 0.0, 0.0, 0.0, 0.0, 0.0, 0.0, 0.0, 0.0, 0.0]",0.0,160.0,0.0,0.0,0.0,0.0,0.0,0.0,0.0,0.0,0.0,0.0,0.9098214336803981,0.05390520410727822,0.8906249999999999,0.9312500059604646,0.9499999880790708,64.83099365234375,0.0,64.83099365234375,64.83099365234375,64.83099365234375,RIGHT
211.85801696777344,408.41217041015625,352.3852844238281,417.29718017578125,140.66483433850632,"[0.0, 0.0, 0.0, 0.0, 0.0, 0.0, 0.0, 0.0, 0.0, 0.0, 0.0, 0.0, 25.43003449833179, 15.978745081199069, 14.8385009765625, 12.19817951236071, 11.108411998237521, 11.173229978203162, 9.896377563476562, 8.761993408203125, 5.9892120361328125, 5.1311492919921875, 3.18621826171875, 3.1043853759765625, 1.999267578125, 1.5110626220703125, 1.0318908691405966, 1.0339202880859943, 1.5393676757812216, 1.0290679931640625, 1.0441131591796875, 1.1552978252664468, 1.109067360544242, 1.0410308837890625, 1.0317535400390625, 0.5439758300780966, 0.020751953125056843, 0.0, 0.0, 1.0726623535155966]",-3.097362894233641,673.0,0.21651507175899357,0.3454842261736749,0.0,0.06385890175314604,0.22074266041026397,6.0988086333661506e-06,0.015315463107087932,-0.002048634018452522,-1.0926641611628922e-05,0.0,0.8652439190120231,0.12525925590377643,0.8125,0.8625000119209291,0.9000000357627869,92.30063331417921,10.107357341392868,82.15799713134766,99.48500061035156,99.48500061035156,LEFT
340.3891906738281,405.7466430664063,355.8841552734375,463.49932861328125,58.1170828418174,"[0.0, 0.0, 0.0, 0.0, 0.0, 0.0, 0.0, 0.0, 0.0, 0.0, 0.0, 29.9349062139337, 10.280615935767475, 5.889982866771229, 4.262873236339245, 3.2081452856989183, 1.9343589896446973, 1.862548828125, 1.8350830078125, 0.01910400390625, 0.0, 0.0, 0.0, 0.342254638671875, 0.885345458984375, 1.040313720703125, 1.03057861328125, 1.042877197265625, 1.032257080078125, 1.04327392578125, 1.3691790557669699, 1.0360107421875, 1.03790283203125, 0.03564453125, 0.0, 0.0, 0.499847412109375, 0.0]",-1.458755101753814,642.0,0.1087583276475753,0.2958652405116572,0.0,0.011254463943780638,0.06507253646850586,-3.5509743649280726e-05,0.020615488402316,-0.0004978377926308394,0.0,0.0,0.9423077052984482,0.11724725093975583,0.9375,0.9625000357627868,0.9875000119209292,83.04656141232222,11.062536084492312,82.15799713134766,82.15799713134766,82.15799713134766,UP
193.93685913085938,379.80743408203125,348.88641357421875,395.0845947265625,155.1125028626946,"[0.0, 0.0, 0.0, 0.0, 0.0, 0.0, 0.0, 0.0, 0.0, 0.0, 0.0, 0.0, 0.0, 0.0, 0.0, 0.0, 19.815729523519778, 14.311958807085809, 14.208988711694008, 13.08905029296875, 12.697056299500336, 12.490992731279466, 12.589979982077383, 11.622866901793738, 8.75846029783036, 7.318695750432964, 5.568832166651047, 5.228088920802803, 3.5468935890186093, 3.1934353029413907, 2.635342522476459, 1.5543461334542605, 1.104512163992564, 1.2584068319707595, 1.047257752092792, 1.0459899902344034, 1.361780264283516, 1.0418701171875, 1.4895769284687865, 1.049418221686852, 0.36727905273428973]",-3.0957515886888634,770.0,0.23161654612862098,0.32271421418162893,0.0,0.06173048362863835,0.32757836274417923,7.3666674144667e-05,0.011639152842846891,-0.0014318537609196726,0.0,0.0,0.9386904867632049,0.12935306059144028,0.9499999880790708,0.9562500119209287,0.9843750149011614,66.48118464152019,7.37987717582396,64.83099365234375,64.83099365234375,64.83099365234375,LEFT
1039.6614990234377,348.8824462890625,1039.6614990234377,348.8824462890625,0.0,"[0.0, 0.0, 0.0, 0.0, 0.0, 0.0, 0.0, 0.0, 0.0, 0.0, 0.0, 0.0, 0.0, 0.0, 0.0, 0.0, 0.0, 0.0, 0.0, 0.0]",0.0,224.0,0.0,0.0,0.0,0.0,0.0,0.0,0.0,0.0,0.0,0.0,0.9476190677710942,0.11157817731429176,0.9625000357627868,0.975000023841858,1.0,99.48500061035156,0.0,99.48500061035156,99.48500061035156,99.48500061035156,RIGHT
624.046875,410.1891479492188,1025.6661376953123,470.60736083984375,404.90276496052047,"[0.0, 0.0, 0.0, 0.0, 0.0, 0.0, 0.0, 26.645040434865415, 5.967739934114146, 12.418861426672855, 15.072685709654364, 16.91081798216574, 18.34008363012355, 20.820825107501484, 21.005132724141166, 26.371750012299458, 42.144137571023386, 39.68141963912416, 37.75645883602395, 31.634204927244653, 29.097175963219016, 21.162204706041535, 16.194812813069145, 10.480553351553839, 6.466757506939389, 3.15283203125, 1.538330078125, 1.398407498895643, 1.3425930179417334, 0.62579345703125, 0.9229578935834315, 0.0, 0.0, 0.72210693359375, 1.6568603515625, 2.890720575273321, 0.2302687795748719]",2.9918167006590024,509.0,0.9062313461108124,1.0377161049519907,0.03837812992914532,0.197052001953125,1.8840857137067955,0.005150091080188221,0.08909084043567368,-0.014051734110517855,0.0,0.0025148573829839585,0.9641447506452862,0.08825664789973572,0.9499999880790708,0.9625000357627868,1.0093750357627869,85.34981356169048,11.828982739682239,82.15799713134766,82.15799713134766,99.48500061035156,LEFT
1037.6622314453123,363.0985107421875,1037.6622314453123,363.0985107421875,0.0,"[0.0, 0.0, 0.0, 0.0, 0.0, 0.0, 0.0, 0.0, 0.0, 0.0]",0.0,209.0,0.0,0.0,0.0,0.0,0.0,0.0,0.0,0.0,0.0,0.0,0.8602272868156433,0.10829491850693017,0.84375,0.9000000357627869,0.9250000119209292,94.75945420698686,7.716784962725184,90.82149887084961,99.48500061035156,99.48500061035156,RIGHT
502.8363037109375,427.07073974609375,504.3358154296875,428.84771728515625,2.3251203343055598,"[0.0, 0.0, 0.0, 0.0, 0.0, 0.0, 0.0, 0.0, 0.0, 0.0, 0.0, 0.0, 0.0, 0.0, 0.0, 0.0, 0.0, 0.0, 0.0, 0.0, 0.0, 0.0, 0.0, 0.0, 0.0, 0.0, 0.0, 0.0, 0.0, 0.0, 0.0, 2.3251203343055598]",2.2717121773018913,481.0,0.009082501305881093,0.05056922709624188,0.0,0.0,0.0,0.0011719356523717539,0.006418955927485423,0.0,0.0,0.0,1.0371212327119075,0.14858821075321685,0.9875000119209292,1.0750000476837158,1.125,90.55896851510713,12.156034320425942,82.15799713134766,99.48500061035156,99.48500061035156,DOWN
832.7288818359375,454.61431884765625,942.693115234375,468.83038330078125,110.87934485485312,"[0.0, 0.0, 0.0, 0.0, 0.0, 0.0, 0.0, 0.0, 0.0, 0.0, 0.0, 0.0, 0.0, 0.0, 0.0, 0.0, 0.0, 0.0, 0.0, 19.954856796750995, 4.063404379187263, 4.547663992170753, 3.64892578125, 3.954274384105861, 3.3509789661340625, 3.67822265625, 2.8350830078126137, 3.01416015625, 2.58233642578125, 2.92840576171875, 2.634035405175683, 2.5465587246991155, 2.626164088109298, 2.26025390625, 2.25848388671875, 2.4183346266628383, 2.2432861328125, 2.2706298828125, 2.23577880859375, 3.6500601182601717, 3.0683165419154785, 2.81842041015625, 2.817168378685724, 2.802716724991467, 2.73297119140625, 2.5030517578125, 2.521728515625, 2.27960205078125, 2.25909423828125, 1.74029541015625, 1.79632568359375, 1.50531005859375, 1.0191650390625, 0.75067138671875, 0.7564697265625, 0.74658203125, 0.893401727977646, 0.03656005859375, 0.0]",3.013026747377405,812.0,0.15787484857863013,0.22849785826709967,0.0,0.18631490071614584,0.22650479047726363,0.00012832178407407702,0.022839635019727397,-0.0015014006851242843,0.0,0.0,0.9077083463470141,0.06770384417501363,0.912500023841858,0.9250000119209292,0.9375,93.13176600138347,9.47279955873777,82.15799713134766,99.48500061035156,99.48500061035156,LEFT
966.1854858398438,443.06378173828125,966.1854858398438,443.06378173828125,0.0,"[0.0, 0.0, 0.0, 0.0, 0.0, 0.0, 0.0, 0.0, 0.0, 0.0, 0.0, 0.0, 0.0, 0.0, 0.0, 0.0, 0.0, 0.0, 0.0, 0.0, 0.0, 0.0, 0.0, 0.0]",0.0,474.0,0.0,0.0,0.0,0.0,0.0,0.0,0.0,0.0,0.0,0.0,0.9110000133514404,0.025573425420506633,0.912500023841858,0.912500023841858,0.9250000119209292,64.83099365234375,0.0,64.83099365234375,64.83099365234375,64.83099365234375,RIGHT
1234.3057861328125,471.495849609375,1325.5684814453125,832.2282104492188,370.8355819403665,"[0.0, 21.4353688379076, 6.530641529724218, 9.673514048743769, 8.112382094442268, 14.198055249180033, 15.600118028790485, 23.867949703052, 23.852673780828077, 21.053579177773265, 19.6610732749576, 18.233613258691186, 16.0145890682415, 11.854399875174915, 12.038995602902725, 10.5932025950853, 8.692720630142599, 7.110975072080831, 6.937213071267943, 6.200150930210064, 7.89845777427871, 8.438208008130365, 13.218487768525623, 14.680806175208419, 17.504524474686093, 27.772072050005615, 25.7630030696529, 2.2252344956217343]",-1.3368343942480658,426.0,0.9701225910441236,0.5427694259803253,0.5315625737751456,0.8448661596843203,1.3253607089657808,0.0042516896230174,0.07903257880698934,-0.008272175940133124,-0.0012851202497049623,0.004881928983363409,0.8431034550584596,0.0962993150549624,0.8500000238418579,0.8625000119209291,0.8874999880790709,80.36554849558863,14.635281825858108,64.83099365234375,82.15799713134766,99.48500061035156,UP
1335.565185546875,770.032958984375,1335.565185546875,770.032958984375,0.0,"[0.0, 0.0, 0.0, 0.0, 0.0, 0.0, 0.0, 0.0, 0.0, 0.0, 0.0, 0.0, 0.0, 0.0, 0.0, 0.0, 0.0, 0.0]",0.0,232.0,0.0,0.0,0.0,0.0,0.0,0.0,0.0,0.0,0.0,0.0,0.891447376263769,0.12105977890257295,0.9000000357627869,0.9250000119209292,0.9375,75.774364270662,8.35813736939985,64.83099365234375,82.15799713134766,82.15799713134766,RIGHT
1106.139892578125,767.367431640625,1319.070556640625,792.2455444335938,212.40729290986218,"[0.0, 0.0, 0.0, 0.0, 0.0, 0.0, 28.101603063077395, 11.749995703392054, 12.385903219583666, 10.2960205078125, 12.015869140625, 11.653308959670257, 8.951176371397437, 7.821231760621733, 8.235113438579212, 7.250359531440937, 7.232445989296085, 6.174522370824543, 5.723382013602872, 5.176385765400743, 3.7322998046875, 3.1265869140625, 3.2591856897161353, 3.1156005859375, 3.2657619657495114, 3.1515634532959176, 3.68714139142237, 3.7394105850656403, 4.62115839504257, 4.426237507455477, 5.045885375817907, 5.9075282926811195, 4.4166259765625, 4.0582275390625, 3.1507568359377274, 3.6016845703122726, 2.657470703125, 2.107421875, 2.0716552734372726, 1.0622558593754547, 1.0325927734372726, 1.03076171875, 1.03955078125, 1.0400390625, 0.3134765625, 1.396720174075394, 1.4862174257318455]",3.0746142605669493,811.0,0.2804162168357264,0.29874682481145465,0.07613346735391857,0.21771746438330075,0.3499383642478652,0.0002907424846641106,0.018802189830076012,-0.002805802236378811,-0.00016288361335001222,0.0009032591114923047,0.8700520948817333,0.0831406437537864,0.8593750149011613,0.875,0.912500023841858,87.57268571853638,12.828736960908548,82.15799713134766,82.15799713134766,99.48500061035156,LEFT
1145.876953125,755.81689453125,1335.565185546875,780.6950073242188,191.06493830330925,"[0.0, 0.0, 0.0, 0.0, 0.0, 0.0, 0.0, 0.0, 0.0, 9.145972660143226, 18.018927490651617, 13.184592883078931, 14.77674813359686, 15.479344256630794, 18.590284555126228, 16.377237528911564, 12.578860128138212, 13.55895935992734, 9.66745967199001, 8.634095331392132, 6.772085815305004, 5.2550048828125, 3.3717041015625, 3.0885009765625, 2.6297607421875, 3.1385498046875, 2.5810546875, 2.63134765625, 2.1029052734375, 2.56298828125, 2.5963134765625, 1.4522705078125, 1.032958984375, 1.0318603515625, 0.8192138671875, 0.749755859375, 0.2498779296875, 0.0, 0.0, 0.0, 0.0]",3.0110142639788653,713.0,0.27966449809264504,0.34929506069350164,0.0,0.13584498355263158,0.5078879606701254,8.527706218850514e-06,0.008532397965452654,-0.002862511637197687,0.0,2.8828023626730007e-05,0.8723214389312834,0.07741814845023269,0.8625000119209291,0.8874999880790709,0.9000000357627869,85.87092608497257,17.13439190174634,64.83099365234375,90.82149887084961,99.48500061035156,LEFT
1452.527099609375,757.5939331054688,1452.527099609375,757.5939331054688,0.0,"[0.0, 0.0, 0.0, 0.0, 0.0, 0.0, 0.0, 0.0, 0.0, 0.0, 0.0, 0.0, 0.0, 0.0, 0.0, 0.0, 0.0, 0.0]",0.0,184.0,0.0,0.0,0.0,0.0,0.0,0.0,0.0,0.0,0.0,0.0,0.7638157998260698,0.09264877188451265,0.768750011920929,0.8000000119209291,0.8062500059604645,64.83099365234375,0.0,64.83099365234375,64.83099365234375,64.83099365234375,RIGHT
1108.1392822265623,443.9522705078125,1164.620849609375,842.001708984375,400.05288490427756,"[29.83120435489279, 25.74046798138087, 32.31177941677289, 13.766166776480706, 28.068646105198365, 40.15273470279587, 44.00444614182477, 44.08015946494789, 39.973012118701824, 35.869703201973174, 33.74368279292186, 30.086111220524668, 8.28099877408267]",-1.470675005576178,200.0,2.0369331217430253,0.4567170963808146,1.7207708470600882,2.2418564501233234,2.3619255707526983,-0.0021003747929044816,0.03688791438390975,-0.01542817931992561,-0.006290731563947339,0.01538977860417154,0.7803571458373751,0.10935221992995958,0.7906250208616257,0.8187499940395355,0.8249999880790709,80.92035402570453,15.308799754152382,64.83099365234375,82.15799713134766,99.48500061035156,UP
539.741943359375,578.1162719726562,595.3062133789062,1319.1279296875,742.9033939232343,"[0.0, 35.75980354906914, 37.25076017708184, 30.435224673297608, 22.417694314120027, 17.557200644521334, 11.752751216000885, 29.13560123662031, 35.198403453529124, 34.82560134278288, 33.908368176558184, 25.631139678282565, 27.82332699205014, 22.782659598553565, 28.74780422823336, 27.893828680928916, 27.5567626953125, 17.847088078263177, 17.623536516913028, 21.534690380852417, 24.595065195699547, 36.40780221890155, 37.41176940103318, 28.584833288863983, 24.1471121472764, 19.54567870684354, 14.76474573214462, 17.034404921435417, 15.87687809626444, 7.591847921552657, 5.42506377754265, 3.522460641377106, 2.576090411560446, 1.8183173974802227]",-1.4994171860699694,538.0,1.4335944543959176,0.7127271947081424,1.0268856222577405,1.4888499008870986,1.942150529417322,0.0011619592618733316,0.040943360418906796,-0.01806372780037914,-0.004036415293781069,0.005932376007072154,0.8400000129427229,0.06890728689290491,0.8125,0.8625000119209291,0.8812499940395355,75.2271957397461,13.861602783203125,64.83099365234375,64.83099365234375,82.15799713134766,UP
681.150146484375,858.88330078125,686.7764282226562,1211.619140625,352.7361939569056,"[0.0, 23.081400059471875, 18.7185735934014, 28.284001675263475, 27.74226504702836, 33.787470844740376, 31.83903122765944, 35.084168084164126, 36.83018726317118, 28.663150844855945, 22.949340820312386, 16.965454101562614, 13.1451416015625, 12.991879430296562, 10.059863497393835, 5.2987553865338315, 3.3962535571331367, 1.8135986328125, 1.89306640625, 0.5659076995839469, 0.74993896484375, 0.0, 0.0, 0.0]",-1.5693793554992082,401.0,0.8882614494507957,0.7975666671281143,0.09454614975873163,0.7711390544623926,1.7736743104788495,0.00026942748766208084,0.0238626160880661,-0.014460110175396286,-0.002450780930861928,0.0046710119889716625,0.7995000088214874,0.11955542661319707,0.8000000119209291,0.8125,0.8625000119209291,64.83099456787109,8.488461590185493,64.83099365234375,64.83099365234375,64.83099365234375,UP
580.3110961914062,598.5518188476562,673.301513671875,1406.2012939453125,812.9828071260952,"[0.0, 16.972602853482517, 22.092515293810823, 29.95528770012067, 32.117176520796455, 34.43832100341314, 39.3055472587964, 43.841034100425745, 46.23297558943173, 48.713826110680365, 36.69505054481084, 36.94814599756762, 38.41599058562304, 38.33611226226635, 46.758257489050756, 46.14913002578354, 31.12106667896059, 23.73527788214753, 24.382656626766895, 26.43985751511277, 26.489164149879077, 24.86811888986706, 18.775026961740902, 22.591833660233966, 16.98487454077186, 16.001496394272014, 12.978809222050025, 8.112147969295407, 4.4693603515625, 0.52545166015625, 0.0]",-1.456189276300657,522.0,1.5738890716607732,0.8546672938499893,0.9987493351251286,1.555285736183104,2.2165922524467843,0.00037612231436504685,0.023005294335728784,-0.013813347868902134,0.0013605195535116332,0.016797945675443696,0.8085937658324838,0.10455624028904657,0.7718750238418579,0.8375000357627869,0.8781249970197678,75.11890268325806,16.69797136587918,64.83099365234375,64.83099365234375,86.48974800109863,UP
578.0579223632812,564.7886962890625,584.8096313476562,1144.9813232421875,580.2031767014355,"[0.0, 0.0, 0.0, 24.116173890111277, 26.08618044704353, 32.412431033470384, 42.336087356304866, 42.237702720412116, 29.406022439923944, 37.66791066616521, 38.6292097909791, 42.16830650934643, 45.74822058357855, 39.06456880760697, 33.53783839307997, 26.282312780073067, 28.848715858911998, 21.138815703453883, 16.56302636329045, 17.728421574202645, 11.697838117494854, 7.881041580466859, 6.19525146484375, 4.32513427734375, 2.4634685859197183, 1.84161376953125, 1.8502197265625, 1.21502685546875]",-1.5768267342090294,474.0,1.2448647760207543,0.953024434371159,0.23480525799272345,1.331029105693093,2.0424981306128855,0.00036251999539936954,0.02497202540539095,-0.01571459832137212,-0.0015749158550138812,0.008928552968220703,0.8719827707471519,0.10685831293573798,0.8375000357627869,0.8874999880790709,0.9499999880790708,67.8184093606883,15.13885056787919,64.83099365234375,64.83099365234375,82.15799713134766,UP
1205.6695556640625,273.35964965820307,1235.4547119140625,831.3397216796875,558.1090099956815,"[19.098298522271435, 20.468513302854067, 20.727381726713595, 20.191884089236524, 20.125605873574933, 18.485461842773606, 30.712414931599465, 51.539214761678814, 48.469128595081166, 45.85235746543223, 39.97419850406711, 36.56903772693239, 39.17653614883592, 30.904718958075733, 39.9880859934873, 22.67742729981161, 19.971693713912714, 17.27041562319744, 15.435879127579785, 7.296661376953182]",-1.5922921590171293,297.0,1.9456061966892633,0.7376264419389946,1.3567057828244444,2.045963290797506,2.533985620691489,0.005426985515708992,0.047167323505571526,-0.019982075865883075,-0.00934698301285561,0.020496033257972453,0.7851190609591348,0.12012017137156182,0.8000000119209291,0.8125,0.8375000357627869,77.20742470877511,14.29107160407498,64.83099365234375,64.83099365234375,82.15799713134766,UP
1024.1666259765623,338.22039794921875,1139.129150390625,808.2385864257812,483.87341270051553,"[0.0, 30.8313203490696, 36.974870662653686, 55.74243760256682, 24.542628058452316, 38.571370113986994, 60.64633490950135, 51.84862587634357, 43.221054870280454, 40.82445323426145, 29.47938033415162, 28.185801165680527, 17.073584258862752, 14.071489576639452, 10.478837461941856, 3.084489434350454]",-1.3309143167893953,264.0,2.0777004850935934,1.2547821094578266,1.0606128831878354,1.990558501537694,3.1577238608414318,0.005818315569286313,0.053464843769851125,-0.032804113427724824,-0.01826495703600346,0.021786831090203837,0.7801470668876872,0.1401849348404925,0.7750000357627869,0.8125,0.8500000238418579,77.06181963752297,14.269296982709099,64.83099365234375,64.83099365234375,82.15799713134766,UP
996.0340576171876,434.17877197265625,1034.163330078125,857.9947509765625,423.8206951270853,"[0.0, 6.155470940388225, 24.23028120744415, 38.8490880460196, 39.963741632605526, 35.854809962997905, 38.26627151762615, 48.08289234972558, 43.693510798020995, 35.28713799677789, 27.493511358052704, 21.224313770674325, 19.59180827554518, 14.905692264531154, 13.872933363795868, 14.756668705838646, 11.843682226808761, 1.3850631071510842]",-1.5755138809106342,298.0,1.5317913711542195,0.9462519791763626,0.8881770190227505,1.4204560930662025,2.408753084989603,-0.00044897451687296586,0.035964185358273074,-0.013270859076625605,-0.00454468656155814,0.016312980264415026,0.8085526416176244,0.09640347439952292,0.7750000059604645,0.8000000119209291,0.875,76.68631222373561,13.830368542195496,64.83099365234375,82.15799713134766,82.15799713134766,UP
975.2678833007812,552.3496704101561,1013.170166015625,842.8902587890625,292.76097739092586,"[16.27862647952553, 23.119038749203526, 35.77088209353875, 36.06927154342132, 40.51299118061769, 39.4056967138027, 29.872856394050423, 25.238538933669364, 17.185798472905912, 11.136162387728275, 7.702184183456877, 4.586893183543237, 1.72314453125, 1.8264770507811363, 1.8560791015625, 0.9567506067271968, 0.6149943171023481, 0.4998779296875, 0.0, 0.0, 0.0, 0.0, 0.0]",-1.447557428841318,403.0,0.7249069994543104,0.8496833356503546,0.03392086445908073,0.2698172460907787,1.4686760695949184,-0.0012616864739465686,0.01961670223781309,-0.010617801363558964,-0.000438596493285922,0.00034015483922227236,0.8312500094374021,0.16189792084387195,0.7968750149011613,0.875,0.9281250089406969,72.05057843526204,12.166660536202896,64.83099365234375,64.83099365234375,82.15799713134766,UP
1113.619140625,236.0425109863281,1141.25634765625,821.566162109375,585.6908908118851,"[19.28702020020935, 23.796433794736924, 21.13631422756945, 16.810712643543173, 19.8224371665781, 20.51568603515625, 14.636298160730536, 27.114405241801922, 45.03106501062791, 41.359802548865105, 39.765865214330645, 32.160524016591395, 36.4459899398322, 33.877719385152425, 30.59939847784496, 31.341900589153827, 36.61166985841466, 21.64638561540155, 19.607285206315854, 20.04923700660344, 16.960435006155063, 14.249660709885475, 12.363552269669476]",-1.5946942836734044,344.0,1.7943823240141314,0.5901702853127946,1.2263418418236762,1.8917955303877292,2.2929980872106,0.004294302834852847,0.06224438648134662,-0.01420110017803156,-0.0036379838464866486,0.0045826693272646105,0.8203125093132257,0.14187236384461635,0.8093750029802322,0.8625000119209291,0.8781249970197678,72.05057843526204,9.898995925999836,64.83099365234375,64.83099365234375,82.15799713134766,UP
1038.7850341796877,284.0216979980469,1074.650146484375,782.4720458984375,498.73997492141854,"[0.0, 14.137563823539994, 39.580490322117264, 54.74080555552811, 65.10669561999235, 66.81613932840298, 55.69613535008071, 42.77444792564325, 39.625843547401665, 38.620717353063085, 32.23180967326384, 23.014336130047628, 12.55652685825155, 8.41918392770256, 5.896432555098294, 4.9467385031376745, 0.11364792394492527]",-1.536714845213217,289.0,1.7840306122454963,1.3433376943251418,0.4952461133942683,2.145595408503505,2.641722903160111,-0.0034986625375761707,0.04824820475588551,-0.0352314909046109,-0.011522654503725353,0.023169508247897513,0.7888888931936688,0.15689527265320294,0.7531249970197678,0.8187499940395355,0.8843749910593032,74.4571066962348,11.867869208384873,64.83099365234375,64.83099365234375,82.15799713134766,UP
1039.4498291015623,308.8997802734375,1068.652099609375,805.5731201171875,497.0557403282294,"[24.82294977855459, 32.49732084648013, 38.618895383395845, 47.20960645177813, 52.354382271078585, 48.26856056112394, 41.307119125893095, 38.37087227032093, 29.962928383790153, 30.464964462319433, 27.920795915604973, 25.51088065619567, 17.22152209478858, 15.437974131982763, 9.72053009030188, 7.005521155757844, 5.118183314365963, 3.8707936379419965, 3.0561618375105066, 1.863128662109375, 1.072601318359375, 0.0]",-1.6100246292276696,377.0,1.3349887951789794,1.0178772753617258,0.3352634731042735,1.2820930200514362,2.1816765734804067,-0.0021081326585070037,0.02367935471690308,-0.008371925964371953,-0.004237059880052604,0.006458722841034548,0.8423913095308386,0.09191050992406506,0.7750000357627869,0.8375000357627869,0.9312500059604646,88.18478128184442,14.991434564482258,82.15799713134766,99.48500061035156,99.48500061035156,UP
1081.6478271484377,657.1930541992188,1097.142822265625,821.566162109375,164.64723086028096,"[0.0, 5.3170239778474, 26.050655888144117, 21.32199785276332, 22.058185207220696, 26.6366841821856, 22.787099900623417, 14.074948773388229, 9.972538822975434, 6.099540655095228, 3.924570466261923, 1.81610107421875, 1.8873291015625, 1.81512451171875, 1.8408203125, 0.68780517578125, 0.0, 0.0, 0.0, 0.0]",-1.5130837115940734,336.0,0.5065265288971771,0.5995390954456025,0.030344345990349263,0.16381487263874578,0.9273173057889839,0.000155755774749981,0.0233285813687697,-0.011863479432787693,-0.0023799487051254327,0.0,0.7541666811420804,0.10706676884489094,0.7624999880790709,0.7875000238418579,0.8000000119209291,78.8576158796038,12.675355205720173,64.83099365234375,82.15799713134766,82.15799713134766,UP
1179.1160888671875,252.03558349609366,1210.1060791015625,693.6217041015625,441.73574419134695,"[0.0, 0.0, 22.572725439232176, 14.904363098042456, 16.624922103073043, 22.153078359653527, 16.5577618012431, 53.14521866258843, 38.739798479149776, 28.895930480547346, 17.883259892752132, 10.586153472477992, 5.079009325715115, 3.2778337087389686, 0.46923828125, 1.5291206043912735, 0.5097246007379473, 0.0, 0.8885498046875, 0.0, 0.88848876953125, 0.0, 0.0, 0.0, 0.0, 0.78515625, 0.9522487509288142, 2.8557885039224304, 12.825864474361216, 28.69020028127951, 29.825911140326316, 30.834422889781308, 30.46144204407943, 27.621874514326326, 27.708004914066702]",1.5968246394704184,602.0,0.8638498634384046,0.904756835710585,0.021185975839779506,0.36278638040822253,1.7271129888492252,0.006630932261241388,0.05482048921721979,-0.009304954363749202,0.0,0.005203568183902262,0.7819444578554895,0.09923511748415015,0.75,0.8125,0.8375000357627869,71.08796776665582,13.638879722010506,64.83099365234375,64.83099365234375,82.15799713134766,DOWN
1267.1397705078125,395.97308349609375,1297.0777587890625,717.7049560546875,201.5196145643198,"[0.0, 0.0, 15.310517218242682, 12.262258681987255, 9.311498324275846, 11.004497885245192, 10.989013671874943, 13.095128078053058, 11.810501492821427, 12.82568359375, 12.209298823201735, 14.342057272219668, 17.292726438766735, 15.716735839843636, 13.333692912208367, 11.516049044221466, 15.70439727822177, 18.563521531382847, 22.548898472930222, 22.41255084764422, 19.590962021592183, 19.305873905793355, 11.582960352693075, 5.851140660256742, 3.372940576465458, 1.8509839679166955, 0.5106023483960218, 0.0, 0.0, 0.0, 0.0, 0.527587890625, 0.9825685440910298, 0.09368896484375, 0.0, 0.0, 0.0, 0.0, 0.0, 1.5504150390625, 6.679068696209199, 15.257640579947555, 17.970329200760748, 23.181230729037352, 17.197080017097676, 14.185166393499523, 10.281614391520542, 8.118757275351612, 4.032409180182647, 1.85015869140625, 1.84344482421875, 1.84686279296875, 0.303955078125, 0.0, 0.0, 0.0, 0.0, 0.4998779296875]",1.4863648791036426,1019.0,0.4625334571021099,0.4556352572151623,0.0014638900756835938,0.39156904238956064,0.8296282314793463,0.00014543581256145922,0.013166573084652706,-0.005945143002143603,0.0,0.001825563635380623,0.7538135738696082,0.07008069966513975,0.7312500178813934,0.7750000357627869,0.7875000238418579,70.11719836218883,12.459702911279805,64.83099365234375,64.83099365234375,64.83099365234375,DOWN
1116.1365966796877,594.1093139648438,1125.1336669921877,870.433837890625,276.3466735449839,"[0.0, 0.0, 21.939063069840984, 25.49558708309339, 31.834744548854992, 35.31186547896099, 32.75298824331797, 27.673529476463404, 23.62845757106218, 19.601032428560536, 14.102783203125, 18.31864770551937, 18.420977570204425, 8.539558421547246]",1.5581351547513262,272.0,1.1471753905606437,0.6483174357766318,0.6913437912924482,1.1543257213397058,1.6955652423825565,0.0010067421538989705,0.02305112092536566,-0.012315673435939728,0.0,0.014587766444271184,0.7625000099341075,0.12714821260259604,0.7437500059604645,0.7875000238418579,0.8500000238418579,65.98612823486329,9.936832763253465,64.83099365234375,64.83099365234375,64.83099365234375,DOWN
1128.632568359375,496.37396240234375,1162.6214599609375,942.402587890625,446.4118714395264,"[15.241897076396876, 37.123402520410565, 41.85190529551178, 44.746025458416554, 45.27990599383277, 42.99400421170846, 37.180865794592336, 28.84932001180674, 26.06927490234375, 19.46112060546875, 16.944562499674294, 13.904879634287179, 11.72914721323312, 7.724412668185535, 7.522559286022118, 6.50847316012534, 4.641357421875, 3.624267578125, 3.6627197265623863, 3.646848643027184, 3.966783321626049, 4.22218634384238, 5.189134198181565, 4.604367979605154, 3.3273249568979395, 2.1033529220462377, 1.860644283944359, 1.0101318359373863, 1.0149673753696788, 0.00448182611100728, 2.2102052399325443, 1.4132078601934832, 0.768254154682662, 0.0]",1.6122360640453366,578.0,0.7794088621254096,0.8915409010379994,0.14752591758706357,0.29867095610126215,1.1077635928835374,-0.0006381477879397056,0.02338609270929321,-0.007531903477281,-0.002514742946231943,0.0008837474817174095,0.7735714469637189,0.06948608864599774,0.768750011920929,0.7750000357627869,0.8000000119209291,75.2271963936942,16.148277429231083,64.83099365234375,64.83099365234375,82.15799713134766,DOWN
958.5986938476562,349.77093505859375,1045.1597900390623,928.1865234375,579.0219225884769,"[19.129438460247236, 0.0, 44.46414783224415, 17.148942257832058, 20.606853641958438, 21.17369996691758, 32.54692089520074, 66.08776259596623, 68.34087206570268, 64.05726824532444, 57.64699948607534, 51.24837553906862, 39.076897891927715, 40.56125660091347, 20.011679446311923, 15.291534518930508, 10.186091919577066, 6.21514991147593, 4.1948961165852445, 2.1290270263639948, 0.323974609375]",-1.5250283793664008,307.0,1.912396208513894,1.3400042663739646,0.5991818776221803,2.2896504046620487,3.0146103258275656,-0.0018027274367239082,0.07827834314288888,-0.023583323081373828,-0.011728155599690157,0.022468541643256384,0.8164772811261091,0.09648557210161803,0.8031250089406968,0.8500000238418579,0.875,78.2200417952104,14.713415358868572,64.83099365234375,73.4944953918457,95.15324974060059,UP
917.4280395507812,400.4155883789063,978.1815795898438,856.2177734375,457.30049450908695,"[0.0, 38.93211909591316, 36.36539990905632, 55.494916527126705, 63.14877269752188, 73.58567969120305, 57.502751465782936, 47.504849753229585, 35.09497040129082, 28.082542774077442, 18.68162295993227, 12.320635548403741]",-1.4898245683793694,210.0,2.329439916372529,1.2420204050917516,1.5910989419456487,2.353047468905296,3.403994164815014,0.004895020288393336,0.05775598523501456,-0.03659858209356119,-0.019328193764093907,0.018873799571215023,0.7903846273055444,0.06849231685621225,0.7750000357627869,0.8000000119209291,0.8125,83.4908435528095,12.644491389072424,82.15799713134766,82.15799713134766,99.48500061035156,UP
950.7027587890624,643.6978759765625,999.1747436523438,880.2073974609375,231.66721182105888,"[33.836662348353464, 32.12519671356938, 37.02657573112507, 39.02618129809953, 41.406510937426305, 31.291163064035388, 19.835404835599615, 6.198414086602227, 7.335574213707483, 9.124827132237018, 1.940346692541679]",-1.425730990248698,193.0,1.34128668167482,0.8455276038232952,0.4841294513513088,1.1667885197411538,2.1256777074599156,-0.005929658641021237,0.03307871286292312,-0.03508197853437905,-0.0031143790139624506,0.007725122695942792,0.7656250074505806,0.09187358730026558,0.7593749910593032,0.7937500178813934,0.8062500059604646,70.60666275024414,16.33605374526336,64.83099365234375,64.83099365234375,82.15799713134766,UP
1125.633544921875,572.7852783203125,1154.6241455078125,911.304931640625,339.4409417218005,"[26.80797898945162, 30.21067211077962, 34.11891896266865, 33.28631036802559, 25.327460730359096, 26.073326266512638, 21.623735009456755, 20.838484524390537, 22.889087202215187, 22.884270729745907, 27.407455097321506, 20.022851515302346, 21.207124042360565, 8.505864980982652, 1.0031347761539502, 0.0030517578125]",1.644489789662323,266.0,1.243084685686871,0.586033957243645,1.1587018607507789,1.348808505214521,1.5456294592938438,-0.004159783326272193,0.02441534602134251,-0.019885090800078144,-0.004966728105909094,0.005981659821869959,0.663235299727496,0.16164768391744408,0.625,0.75,0.75,78.08105603386375,17.35695352511187,64.83099365234375,82.15799713134766,99.48500061035156,DOWN
1129.6322021484375,492.8199462890625,1174.1177978515625,922.8555908203124,432.2793066241455,"[0.0, 25.550522575941084, 39.67615898158506, 44.09960353680145, 44.13609309930039, 43.44141263685616, 43.77165781465657, 40.52581347800547, 34.300624091421845, 25.142554549015998, 19.28432699921775, 16.720336505447378, 12.697465563791441, 10.747227225919467, 10.801025390625, 7.896352261578123, 7.410963693162592, 5.360961914062614, 1.5247802734373863]",1.6727257396271369,329.0,1.3729587833180992,0.9497027712578593,0.5483405731616938,1.2052704374511094,2.317994911006712,0.0006517994337895525,0.030538830565671835,-0.015285388927503453,-0.00807953978619919,0.006240887622883672,0.7425000086426735,0.1315413458142782,0.7375000119209291,0.75,0.7937500178813934,70.02909622192382,15.594300927056347,64.83099365234375,64.83099365234375,82.15799713134766,DOWN
1136.6221923828125,580.7817993164062,1146.1268310546875,748.7089233398438,160.8260825294404,"[0.0, 24.5761061352758, 29.99284991532461, 36.279503936228025, 35.91086369529994, 21.230590503417204, 12.817243411078108, 5.4010009765625, 1.8553466796875, 0.45855712890625, 0.0, 0.0, 0.0, 0.0, 1.7135009765625, 1.0842609379195554, 1.421994630004455, 2.120176383887251, 2.906850488727927]",1.5614723824303025,338.0,0.5582092380331186,0.765942868312371,0.013486974379595588,0.11595916748046875,1.0194904924284018,0.0005237868866795546,0.026388975222736026,-0.004470143765941264,0.0,0.002092016715724132,0.7643750041723252,0.11048720419798717,0.7593749910593032,0.7937500178813934,0.8249999880790709,86.48974800109863,12.097921791001506,82.15799713134766,82.15799713134766,99.48500061035156,DOWN
812.9378662109375,414.63165283203125,859.7200927734375,925.52099609375,511.109356789579,"[15.958130820313668, 0.0, 39.2510642263149, 16.875377125521737, 20.59840680541259, 31.426824259830738, 29.292556225916098, 53.103210135534596, 68.18083672534624, 51.61236843511486, 42.41605788772135, 34.73916588308566, 32.07167166183193, 26.85996233892681, 26.725251478301338, 28.94801175920453, 5.025384482636833]",-1.5414537429195758,232.0,2.2546099680989373,1.1074846563120875,1.6787476461829256,2.0434803460638626,3.036021672653815,0.003172778977427856,0.12814930948228326,-0.056528615497037124,-0.011109456752199078,0.018905413148829826,0.7652777896987067,0.12469097537754965,0.7656249999999999,0.8062500059604645,0.8249999880790709,79.27016406589084,17.566006387748505,64.83099365234375,82.15799713134766,99.48500061035156,UP
1085.146728515625,457.0538330078125,1156.7506103515625,826.0086669921875,371.6422472286083,"[15.477404434318656, 17.88348266509061, 37.16005124367288, 48.94468774008629, 49.17368314511594, 49.46320707922252, 46.26094294461768, 46.38942483469424, 41.647236084564085, 35.00014221234891]",-1.450464159573652,166.0,2.3064566381659777,0.6363436317903932,2.186291247524108,2.448535901871689,2.817017385579316,0.006017673504228069,0.029554185591757882,-0.016395533029203546,-0.009632634126170103,0.020580416647268535,0.6897727413610979,0.16392020965817647,0.7125000357627869,0.75,0.7624999880790709,77.4324521151456,19.674016443391615,64.83099365234375,82.15799713134766,99.48500061035156,UP
784.2446899414062,970.834716796875,787.2437133789062,970.834716796875,2.9990234375,"[0.0, 0.0, 0.0, 0.0, 0.0, 0.0, 0.0, 0.0, 0.0, 0.0, 0.0, 0.0, 0.0, 0.0, 0.0, 0.0, 0.0, 0.0, 0.0, 0.0, 0.0, 0.0, 0.0, 0.0, 0.0, 0.0, 0.0, 0.0, 0.0, 0.0, 0.0, 0.0, 0.0, 0.0, 0.0, 0.0, 0.0, 0.0, 0.0, 0.0, 0.0, 0.0, 0.0, 0.0, 0.0, 0.0, 0.0, 0.0, 0.0, 0.0, 0.0, 0.0, 0.0, 0.0, 0.0, 0.0, 0.0, 0.0, 0.0, 0.0, 0.0, 0.0, 0.0, 0.0, 0.0, 0.0, 0.0, 0.0, 0.0, 0.0, 0.0, 0.0, 0.0, 0.0, 0.0, 0.0, 0.0, 0.0, 0.0, 0.0, 0.0, 0.0, 0.0, 0.0, 0.0, 0.0, 0.0, 0.0, 0.0, 0.0, 0.0, 0.0, 0.0, 0.0, 0.0, 0.0, 0.0, 0.0, 0.0, 0.0, 0.0, 0.0, 0.0, 0.0, 1.597412109375, 1.401611328125]",3.141592653589793,1390.0,0.003878227569772013,0.02823057298000226,0.0,0.0,0.0,0.00027688647073412703,0.002111943660289029,0.0,0.0,0.0,0.8950934759645819,0.07173087487386164,0.9000000357627869,0.912500023841858,0.9250000119209292,65.15486287625036,3.3344377433910135,64.83099365234375,64.83099365234375,64.83099365234375,LEFT
634.2935180664062,1080.12060546875,848.223876953125,1133.4307861328125,220.47261466185606,"[0.0, 0.0, 0.0, 30.775457184761894, 16.643530663261107, 31.440392827573575, 28.756548692418537, 41.704029170639885, 28.583677542994227, 42.97760529718787]",0.24422001393814075,120.0,2.3584292053003346,1.8717952155301867,0.41608826658152764,2.8670113117706384,3.37588825278404,0.08499114631430284,0.1888045698038214,-0.061696800992056745,0.0,0.20322487939059977,0.6761363704096187,0.18297219090367803,0.6375000178813934,0.7624999880790709,0.7937500178813934,60.10545106367631,16.670156824593263,47.50399780273438,64.83099365234375,73.4944953918457,RIGHT
700.7718505859375,1083.674560546875,774.747802734375,1117.437744140625,46.20324287135042,"[0.0, 0.0, 0.0, 0.0, 0.0, 0.0, 18.123116889195032, 8.27228746715294, 5.718195346345776, 5.371022571438877, 5.294134145794793, 4.4233990918044075, 4.493348379651452, 2.186679496324229, 3.597648274747311, 2.1774273780008584, 3.693578272827797, 3.993786624526349, 3.6782107153622356, 2.480137886298464, 1.383906115182573, 1.2747695617021177, 1.3455954288525167, 0.99505615234375, 0.97247314453125, 1.028076171875, 0.9858781297945646, 0.49981689453125, 0.0, 0.4998779296875, 0.0, 0.0, 0.0, 0.0, 0.0, 0.0, 0.0, 0.0, 0.51214599609375, 2.341834713055096, 4.2097486103079955, 4.509378888319419, 3.947936956518005, 3.906041603728264, 2.8580322265625, 4.338197081560153, 2.4170581885680527, 1.5897216796875, 0.89117431640625, 0.88043212890625, 0.61907958984375, 0.0, 1.00439453125, 1.53338623046875, 0.9610595703125]",-2.5956552217159263,874.0,0.18275957181942992,0.2966476931228968,0.0,0.0642547607421875,0.2202724921641656,0.0008437087173327912,0.030908123269283112,-0.002182458948206019,-1.8585099480968896e-05,0.00020583497415125219,0.7877232264727354,0.10183832519604674,0.7875000238418579,0.8000000119209291,0.8281249999999999,67.61569159371513,12.587352140356305,64.83099365234375,64.83099365234375,64.83099365234375,LEFT
539.3244018554689,1083.649169921875,753.2547607421875,1088.1171875,213.95987922453426,"[0.0, 0.0, 0.0, 0.0, 0.0, 10.174475946744005, 12.656314106914262, 11.31146240234375, 13.77410888671875, 22.87470421647074, 24.909514512386966, 21.1387939453125, 50.75821077423352, 29.511735913923552, 17.13070361669273]",3.1249809382346867,192.0,1.2373279652846654,1.0611400185284763,0.0,1.131146240234375,1.9354302869470479,0.018802454535510545,0.07297640593594974,-0.006713373922399504,0.0,0.03385938283549304,0.7351562567055225,0.19107113446494287,0.7843750268220901,0.8125,0.8249999880790709,64.83099460601807,8.663499832153477,64.83099365234375,64.83099365234375,64.83099365234375,LEFT
1069.6517333984377,802.0191040039062,1249.5931396484375,810.015625,179.95018074267588,"[16.01940919933785, 18.398599824472793, 17.699793270306884, 16.91543749226653, 18.00793858740515, 21.3798828125, 14.678173638938937, 22.9401099678148, 29.13358529739212, 5.615815696811262]",-3.131717323369788,120.0,1.611324225276885,0.5556913342170058,1.425775048571228,1.7396890375298373,1.960626544562249,0.007193842800599277,0.07254885846838437,-0.03679518639945412,-0.025940668111490747,0.02377066683438242,0.710227291692387,0.10724046499850626,0.6937500238418579,0.7375000119209291,0.7812500298023224,69.5565414428711,16.67015895455476,64.83099365234375,64.83099365234375,73.4944953918457,LEFT
642.0446166992188,789.5800170898438,872.216064453125,798.465087890625,230.3428745246184,"[24.321409951954774, 22.65631103515625, 27.58380126953125, 29.47314453125, 16.24059447625037, 22.051312194814706, 15.341688953168191, 28.89788239305058, 43.90143835647274]",-3.1030098424764327,134.0,1.9588760419544518,0.6741233768476406,1.5324334038628473,1.9648763020833333,2.4081568660875483,0.01894916684039005,0.09189361732558579,-0.0036698395212248387,0.014146194797334703,0.03187176020319116,0.6950000077486038,0.14221462659614753,0.7250000238418579,0.737500011920929,0.7624999880790709,89.08879852294922,8.488463458997701,82.15799713134766,82.15799713134766,99.48500061035156,LEFT
842.7256469726562,749.3667602539062,1031.164306640625,781.58349609375,190.98740504443435,"[0.0, 0.0, 0.0, 0.0, 0.0, 9.020265370301505, 10.91408307565758, 7.9311165684647715, 13.78988362452907, 17.27507145512956, 14.07768055032208, 16.406113232769155, 17.809854419837386, 24.57900947624179, 34.150249540088275, 26.76943670909079]",-2.978039086501932,192.0,1.0858918702080282,0.8057402459116604,0.0,1.249588181298983,1.8960454329949663,0.015478100106841721,0.04163423918801089,-0.007385494958474195,0.0,0.028820296022645662,0.6227941206272911,0.11929906415271434,0.6000000238418579,0.675000011920929,0.699999988079071,60.75405502319336,16.307764530182038,47.50399780273438,64.83099365234375,64.83099365234375,LEFT
1053.1571044921877,839.3362426757812,1341.563232421875,853.55224609375,288.41160218786183,"[0.0, 0.0, 16.778299415468346, 17.799172817422615, 19.636537884178452, 28.603099247762884, 41.68747805494019, 50.67426251508102, 60.32388002271135, 55.02963533789871]",3.1354313592159353,177.0,1.7310087979570266,1.214419461843258,0.9244573594231799,1.603917598364582,2.7852735954154006,0.02613529405975346,0.0505285090756549,0.0,0.031026163887835405,0.04527466715286265,0.6181818246841431,0.1723305841113114,0.4312500059604645,0.699999988079071,0.75,91.60908924449573,11.358798369025239,82.15799713134766,82.15799713134766,99.48500061035156,LEFT
952.6898803710938,877.5418701171875,1185.1141357421875,889.0924072265625,232.46670801308565,"[0.0, 0.0, 0.0, 10.246411293721422, 33.78256306541173, 38.25380100586129, 51.04904060058346, 69.24090908266585, 30.918000297506193]",0.01911144769026741,136.0,1.6687780827968226,1.4908793584005997,0.0,1.9872095920830428,2.81072729977329,0.015486638187156891,0.06521933559560171,0.0,0.027748227837374156,0.053011652119376494,0.7350000083446503,0.15650479191613212,0.7500000149011613,0.8062500059604645,0.8125,66.56369400024414,5.198101043701172,64.83099365234375,64.83099365234375,64.83099365234375,RIGHT
926.198486328125,786.91455078125,1145.127197265625,815.3466186523438,220.3376906750632,"[0.0, 32.009073004798964, 23.930236816406136, 26.0936984081672, 29.13246715027183, 30.77304241965928, 33.74905095443811, 24.843058856311373, 21.249436312186916]",0.11315003077541018,112.0,2.343547906557542,1.0109332436128253,1.9317669374715378,2.3930236816406136,3.1053823570389216,0.01586045403819791,0.064776580458176,-0.020395327013306763,0.013931438996705929,0.07944842298304926,0.6762500107288361,0.16350172328223178,0.6499999910593033,0.737500011920929,0.7843750268220901,87.35609817504883,11.09469559384932,82.15799713134766,82.15799713134766,99.48500061035156,RIGHT
974.182861328125,802.0191040039062,1126.6331787109375,844.667236328125,157.6061954741541,"[0.0, 23.869557836738124, 13.595608258803923, 15.336062222408966, 15.392076019807762, 15.339626978199108, 12.562074016470605, 18.755852020990556, 18.954758050329904, 18.05743844006368, 8.114657430877834]",-2.8851024466302957,144.0,1.360787853470611,0.6530576418604319,1.0885940144233408,1.5106231398671026,1.7045421850273414,0.011287680689537987,0.10288617811138376,-0.030259406772281765,-0.009228939183671823,0.016288196568561494,0.7406250163912773,0.14106413445195315,0.7531249970197677,0.7812500298023224,0.8031250089406968,76.38232930501302,12.914785875142694,64.83099365234375,73.4944953918457,82.15799713134766,LEFT
897.2079467773438,806.2643432617188,1192.6116943359375,827.7857055664062,295.5373386812507,"[0.0, 35.4365827411859, 22.50068481383322, 25.76050339638044, 30.89478304720936, 34.745019990906506, 37.047011914406255, 37.742742720770146, 73.78129732344713]",-3.111524000169627,112.0,2.989736846339116,1.239184131090271,2.576050339638044,3.5133951106403396,3.7742742720770144,0.0556252512416478,0.17237118921395878,-0.025277770594019866,0.014049849532608176,0.07240210368810153,0.7075000137090683,0.11608186491537109,0.6843750178813934,0.7437500059604645,0.7812500149011612,61.36559638977051,16.976922946769218,47.50399780273438,64.83099365234375,77.82624626159668,LEFT
779.7461547851562,866.8798828125,1004.6729125976562,885.63525390625,225.55937222862605,"[0.0, 8.865559941121337, 24.05775668291731, 27.37065772695625, 32.74036728289737, 36.26250386772485, 51.55492541452941, 17.692072471195807, 27.99266293820879]",0.07491273572053216,112.0,2.435610429832106,1.189330076249756,2.405775668291731,2.527438924456544,3.2740367282897367,0.03228997604907781,0.08770025558650878,0.006627040193380286,0.04999162501117384,0.07459669573557427,0.7350000038743019,0.2347738303085102,0.668749988079071,0.8187500238418579,0.9062500149011613,64.83099517822265,10.958556791236537,64.83099365234375,64.83099365234375,64.83099365234375,RIGHT
874.2153930664062,847.069580078125,1351.56005859375,941.51416015625,481.6122751760524,"[0.0, 30.629160429604433, 19.069883249523812, 20.30800373088321, 21.094369914870946, 23.108812731865964, 25.048547868852534, 18.151408405147357, 34.65370089217279, 49.58366004413135, 52.224031995071634, 47.08471398771934, 40.707594930305866, 43.231030224326474, 46.585892497841755, 24.468592552187612]",3.008369477241302,217.0,2.386853442848598,0.7485665028671654,2.2577989141686468,2.352472774099132,2.790958619198192,0.018575670778870016,0.10854858620911313,-0.028519589009823598,-0.0030673234396696243,0.033450744548618856,0.7500000175307778,0.11512461378214704,0.7624999880790709,0.7750000357627869,0.8000000119209291,78.08105648265166,19.28483851007725,64.83099365234375,82.15799713134766,99.48500061035156,LEFT
733.2612915039062,406.6351318359375,1129.6322021484375,468.83038330078125,42.846069716282365,"[14.237956747561752, 30.175490035901806, 39.42574295872453, 44.88928506742177, 49.388876861451294, 44.6602563614592, 38.34760617069948, 33.36134882253506, 25.01180812504543, 19.35047047061072, 12.198462124757281, 6.571460931100195, 2.7498779296875, 1.5289306640625, 0.554443359375, 0.4251708984375, 0.0, 0.0, 0.0, 0.0, 0.346435546875, 1.036376953125, 1.037841796875, 2.4641113281247726, 4.1710459196991385, 4.731323242187273, 4.773681640625455, 6.428100585937273, 8.675047145849259, 12.156482997839388, 20.461165564898426, 20.591081933034605, 23.23025915045865, 23.850380575934835, 26.11208786737632, 23.5790383280216, 25.299047711663018, 24.715028298932342, 24.249196737989124, 24.000536995597866, 23.09047668678891, 24.437633178822438, 20.492956997923038, 15.332991688282954, 14.611021707542204, 9.95515407138869, 6.101112586637694, 2.83709716796875, 0.7607421875]",-2.713932996076396,844.0,0.9228590983444547,0.823188391561937,0.14494772518381016,0.7624038827973301,1.5000335622248666,-0.0001432400463880435,0.019559804143290897,-0.011381533677551858,0.0,0.006280799958170673,0.8397500175237655,0.08053299094010843,0.8249999880790709,0.8375000357627869,0.875,82.15799713134766,12.96634211157455,64.83099365234375,82.15799713134766,99.48500061035156,LEFT
1200.609130859375,565.67724609375,1254.591552734375,881.984375,320.71385319358194,"[17.6712965815801, 12.788372152241836, 40.0241302644451, 17.584313745580094, 20.311877846359778, 44.4070529074903, 34.17221510486346, 28.555706915029585, 35.845888809060305, 14.35045755399664, 13.948211643180477, 12.531005859375, 8.381557945104657, 6.097456901317037, 5.001182944090307, 3.730481884219231, 3.0710604875229084, 1.8518833544337023, 1.84820556640625, 1.9012649236293386, 1.877583492145828, 1.84051513671875, 0.9360687138407924, 0.1551513671875, 0.0, 0.0, 0.0, 0.0]",-1.7367598383438099,458.0,0.7372779548999885,0.8330810237997099,0.1068687189638225,0.32643058368845135,1.1656131292146998,-0.0015093980055551019,0.04319409998059104,-0.005514653889433981,-0.0009591121844316805,0.0008024302628684374,0.7676724257140324,0.03603716729922651,0.75,0.7750000357627869,0.8000000119209291,93.51017182448814,10.451681769091959,82.15799713134766,99.48500061035156,99.48500061035156,UP
